catalog_filename,supplied_md5,review_disposition,review_note
"EK_ART_Fox_Fur_Orange_USER_v1.jpg","9b5e14bd5bec0333dd0606bac1993b59","SUPERSEDED_SOURCE","Fox Fur original orange presentation; keep for provenance"
"EK_ART_Fox_Fur_Fiery_USER_v1.jpg","902a4d1b0a9594343eb76706bf2716ae","RETAIN_FORM","Fox Fur Pyreform visual"
"EK_ART_FoxFur_Tideform_v1.jpg","b847c872df114337542dbcfbe470874d","RETAIN_FORM","Fox Fur Tideform; check visual continuity"
"EK_ART_Veridran_Oasis_USER_v1.jpg","27eebc3845889c7257ae274f0b985049","SUPERSEDED_SOURCE","Veridran original deer oasis presentation"
"EK_ART_Veridran_Rainforest_USER_v1.jpg","046b1f2ca36e0d3bf8f601ca36c01c57","RETAIN_FORM","Veridran Verdant Form"
"EK_ART_Veridran_AridForm_v1.jpg","c5c9c72800a1b4ea29867a2e946dc35c","RETAIN_FORM","Veridran Arid Form; check tortoise/deer biological continuity"
"EK_ART_ZuriStripe_USER_v1.png","50159c5a6bbd462071caac5dade652e3","BASE_REFERENCE","ZuriStripe base; tiger-girl identity anchor"
"EK_ART_ZuriStripe_Sunclaw_Matriarch_USER_v1.png","96ea29dee82d0a77e6bde743633e8297","SUPERSEDED_SOURCE","Original lioness conflict retained"
"EK_ART_ZuriStripe_Prowlguard_USER_v1.png","0667a692dea2f685d43ba9622cb6fad8","SUPERSEDED_SOURCE","Original face/stripe divergence retained"
"EK_ART_ZuriStripe_GlitchTigris_USER_v1.png","e54bd0bd5600947a67c05a75b7ddd609","SUPERSEDED_SOURCE","Original visual divergence retained"
"EK_ART_ZuriStripe_SunclawMatriarch_v1.jpg","5090eda6c1d73e9c0c38f827f93cff01","RETAIN_FORM","Corrected tiger identity"
"EK_ART_ZuriStripe_Prowlguard_v1.jpg","e9e8f7f9d299c1d857611b6c3acffce8","RETAIN_FORM","Corrected tiger identity"
"EK_ART_ZuriStripe_GlitchTigris_v1.jpg","e5cc1d8cfe431a939aca51f4197c67c2","RETAIN_FORM","Corrected tiger identity; corruption not new species"
"EK_ART_BoneyBone_USER_v1.jpg","a61320352b3bc5f1b719ec1b939233fa","BASE_REFERENCE","Boney Bone base"
"EK_ART_BoneyBone_DarkShowman_v1.jpg","5afb76066b3f6cd42acf5898a3dd6db2","SUPERSEDED_SOURCE","Unmatched dark variant retained"
"EK_ART_BoneyBone_MidnightEncore_v1.jpg","da14aa4bf0ea3a943379c890bb6194af","RETAIN_FORM","Midnight Encore consistent form"
"EK_ART_Jordane_SkyAce_v1.jpg","e8c7c04811cb2df51122c61f60bf5a39","BASE_REFERENCE","Jordane Sky-Ace eagle base"
"EK_ART_Jordane_DivineAscendant_raw_v1.jpg","57e315dddab242b671af23eba65438dc","SUPERSEDED_SOURCE","Conflicting ascendant original"
"EK_ART_Jordane_DivineAscendant_v1.jpg","6dbcb32304ac34a4d12b2634d766ee5c","RETAIN_FORM","Corrected visual, anatomy/originality pending"
"EK_ART_Justica_USER_v1.jpg","baed76dd598430ea0c7ace5d3885a847","MISSING_BLOB_CHECK","Duplicate-member hash supplied separately"
"EK_ART_Grovantis_USER_v1.jpg","6883d971d6dc0751a2ca7da6fa932c59","MISSING_BLOB_CHECK","Previously missing-image claim; verify actual bytes"
"EK_ART_Azurithor_USER_v1.jpg","a82c254b1e4608e217e488ee4d1e3759","MISSING_BLOB_CHECK","Restoration wave; source card generic stats obsolete"
"EK_ART_Zangoro_Seedling_USER_v1.png","4c906e9b6afad6fc0418710a913bbbe5","FORM_CANDIDATE","Zangoro single-identity form family"
"EK_ART_Zangoro_Tempest_USER_v1.png","e3e8678072fb91d8b3e50f14b87a70b5","FORM_CANDIDATE","Zangoro middle form"
"EK_ART_Zangoro_Surge_USER_v1.png","614ff9f4454bdccafa6665ffb84096e2","FORM_CANDIDATE","Zangoro third form"
"EK_ART_Thunderhoof_v1.jpg","3efd590927d3e0f86d61c1a01862d0f3","COLLISION_REVIEW","Compare different Thundhoof design"
"EK_ART_Thundhoof_v1.jpg","6fd42c0258d1c0174258c9f1f9cda22a","COLLISION_REVIEW","Compare Thunderhoof spelling/lineage"
"EK_ART_Creature_Collage_10_A_USER.jpg","a4fef237484d14d23596da1b9fd94335","ALIAS_REVIEW","Contains historical Poison Ivy name; current art index Poyzin Ivvee"
"EK_ART_Creature_Collage_10_B_USER.jpg","0489ffc6c8c682fd566d1651a21d7f2c","ALIAS_REVIEW","Alternate ten-member collage"
"EK_ART_Moth_Lineup_USER_v1.jpg","d391aeb9a7a4e048b5e6b2bab0283d0b","COLLISION_REVIEW","Plainsman moth representation / Emperor Moth–Emperyx naming"
